{
  "design": "sweep_R1.00_a0.162",
  "R0_m": 1.0000023485168308,
  "a_m": 0.15877000695155685,
  "A": 6.298433612980484,
  "V_m3": 0.4975854683576156,
  "iota_2_3": 0.026463452572155884,
  "B_axis_T": 1.1266080446651587,
  "coils_pass": true,
  "max_Bn_over_B": 0.04127735920259189,
  "mean_Bn_over_B": 0.01498907182302799,
  "target_BnB": 0.05,
  "cost_USD": 222084170.569056,
  "cost_B": 0.222,
  "P_ext_MW": 10.0
}